review,label
"Happy with the purchase, would recommend to others no issues so far",0
"Worst purchase ever, highly not recommended avoid this product",1
"Worst product ever, do not buy this scam terrible experience",1
"Overall a good experience, product works fine no issues so far",0
I have been using it for a week and it works perfectly no issues so far,0
"This is a fake product, totally waste of money not worth it",1
I have been using it for a week and it works perfectly no issues so far,0
Cheap quality and fake branding very disappointed,1
"I really liked this product, it works well and feels premium no issues so far",0
"Fake product, stopped working in one day terrible experience",1
"Total scam, waste of money and time terrible experience",1
"Pretty decent item, does what it claims works smoothly",0
"Do not trust this seller, very disappointing not worth it",1
"This is a fake product, totally waste of money avoid this product",1
"Pretty decent item, does what it claims I would buy again",0
"Product is good, packaging was also nice no issues so far",0
I have been using it for a week and it works perfectly I would buy again,0
"Fake product, stopped working in one day very disappointed",1
"Completely useless item, seller is cheating terrible experience",1
"I really liked this product, it works well and feels premium works smoothly",0
"Good quality and worth the money, satisfied with the purchase really impressed",0
Cheap quality and fake branding avoid this product,1
"I really liked this product, it works well and feels premium works smoothly",0
"Overall a good experience, product works fine I would buy again",0
Cheap quality and fake branding avoid this product,1
"Fake product, stopped working in one day terrible experience",1
"Product is good, packaging was also nice really impressed",0
"Very bad quality, looks nothing like original terrible experience",1
I have been using it for a week and it works perfectly really impressed,0
The product arrived on time and performs as expected really impressed,0
"Completely useless item, seller is cheating avoid this product",1
"Product is good, packaging was also nice works smoothly",0
Cheap quality and fake branding never buying again,1
The product arrived on time and performs as expected really impressed,0
"Worst purchase ever, highly not recommended very disappointed",1
"Worst product ever, do not buy this scam avoid this product",1
"I really liked this product, it works well and feels premium works smoothly",0
"Product is not genuine, very poor performance very disappointed",1
"Happy with the purchase, would recommend to others really impressed",0
"Overall a good experience, product works fine I would buy again",0
Cheap quality and fake branding not worth it,1
"Product is not genuine, very poor performance never buying again",1
"Very bad quality, looks nothing like original not worth it",1
Nice build quality and very useful in daily use no issues so far,0
"Fake product, stopped working in one day never buying again",1
Cheap quality and fake branding avoid this product,1
"Very bad quality, looks nothing like original very disappointed",1
"I really liked this product, it works well and feels premium no issues so far",0
"This is a fake product, totally waste of money terrible experience",1
"Completely useless item, seller is cheating avoid this product",1
"Value for money, not the best but good enough I would buy again",0
"Product is not genuine, very poor performance not worth it",1
"Do not trust this seller, very disappointing terrible experience",1
"Good quality and worth the money, satisfied with the purchase works smoothly",0
"Do not trust this seller, very disappointing terrible experience",1
"Product is good, packaging was also nice really impressed",0
The product arrived on time and performs as expected good for the price,0
"Total scam, waste of money and time avoid this product",1
"Completely useless item, seller is cheating never buying again",1
"Very bad quality, looks nothing like original avoid this product",1
Nice build quality and very useful in daily use no issues so far,0
"Product is not genuine, very poor performance very disappointed",1
I have been using it for a week and it works perfectly I would buy again,0
"Fake product, stopped working in one day terrible experience",1
"This is a fake product, totally waste of money never buying again",1
"Total scam, waste of money and time terrible experience",1
"Very bad quality, looks nothing like original not worth it",1
"Value for money, not the best but good enough I would buy again",0
"Value for money, not the best but good enough good for the price",0
The product arrived on time and performs as expected I would buy again,0
"Completely useless item, seller is cheating avoid this product",1
"Product is good, packaging was also nice good for the price",0
"Very bad quality, looks nothing like original never buying again",1
"I really liked this product, it works well and feels premium works smoothly",0
"Worst product ever, do not buy this scam very disappointed",1
"I really liked this product, it works well and feels premium really impressed",0
"Very bad quality, looks nothing like original very disappointed",1
The product arrived on time and performs as expected good for the price,0
"Overall a good experience, product works fine really impressed",0
"Value for money, not the best but good enough works smoothly",0
I have been using it for a week and it works perfectly good for the price,0
"This is a fake product, totally waste of money avoid this product",1
"Completely useless item, seller is cheating not worth it",1
"Worst purchase ever, highly not recommended terrible experience",1
"Worst product ever, do not buy this scam terrible experience",1
The product arrived on time and performs as expected I would buy again,0
"Product is not genuine, very poor performance avoid this product",1
"Do not trust this seller, very disappointing terrible experience",1
"Completely useless item, seller is cheating not worth it",1
"I really liked this product, it works well and feels premium really impressed",0
"I really liked this product, it works well and feels premium good for the price",0
Cheap quality and fake branding never buying again,1
"I really liked this product, it works well and feels premium really impressed",0
"Worst purchase ever, highly not recommended very disappointed",1
"Product is good, packaging was also nice works smoothly",0
"Pretty decent item, does what it claims good for the price",0
"Overall a good experience, product works fine works smoothly",0
"Good quality and worth the money, satisfied with the purchase good for the price",0
"Overall a good experience, product works fine works smoothly",0
"Very bad quality, looks nothing like original terrible experience",1
"Happy with the purchase, would recommend to others no issues so far",0
"Overall a good experience, product works fine I would buy again",0
"Total scam, waste of money and time not worth it",1
"Completely useless item, seller is cheating not worth it",1
"Overall a good experience, product works fine good for the price",0
"Fake product, stopped working in one day very disappointed",1
"I really liked this product, it works well and feels premium no issues so far",0
"Fake product, stopped working in one day terrible experience",1
"Completely useless item, seller is cheating never buying again",1
Nice build quality and very useful in daily use works smoothly,0
"Overall a good experience, product works fine really impressed",0
"Good quality and worth the money, satisfied with the purchase no issues so far",0
The product arrived on time and performs as expected works smoothly,0
"Worst product ever, do not buy this scam terrible experience",1
"Good quality and worth the money, satisfied with the purchase I would buy again",0
"Total scam, waste of money and time avoid this product",1
"Happy with the purchase, would recommend to others works smoothly",0
"Completely useless item, seller is cheating never buying again",1
Cheap quality and fake branding never buying again,1
"Completely useless item, seller is cheating very disappointed",1
"Happy with the purchase, would recommend to others works smoothly",0
"Worst purchase ever, highly not recommended not worth it",1
"Very bad quality, looks nothing like original very disappointed",1
"Worst product ever, do not buy this scam terrible experience",1
"Product is good, packaging was also nice I would buy again",0
"I really liked this product, it works well and feels premium I would buy again",0
"Very bad quality, looks nothing like original very disappointed",1
"Good quality and worth the money, satisfied with the purchase I would buy again",0
Cheap quality and fake branding never buying again,1
"Product is good, packaging was also nice no issues so far",0
Nice build quality and very useful in daily use works smoothly,0
The product arrived on time and performs as expected no issues so far,0
"Fake product, stopped working in one day very disappointed",1
"Product is not genuine, very poor performance avoid this product",1
"Do not trust this seller, very disappointing not worth it",1
"Product is not genuine, very poor performance not worth it",1
"Worst purchase ever, highly not recommended never buying again",1
"I really liked this product, it works well and feels premium no issues so far",0
"Value for money, not the best but good enough really impressed",0
"Happy with the purchase, would recommend to others works smoothly",0
"Good quality and worth the money, satisfied with the purchase no issues so far",0
"This is a fake product, totally waste of money never buying again",1
"Fake product, stopped working in one day terrible experience",1
"Value for money, not the best but good enough really impressed",0
The product arrived on time and performs as expected works smoothly,0
I have been using it for a week and it works perfectly really impressed,0
Cheap quality and fake branding never buying again,1
"Fake product, stopped working in one day not worth it",1
"Product is not genuine, very poor performance terrible experience",1
"Good quality and worth the money, satisfied with the purchase no issues so far",0
"This is a fake product, totally waste of money not worth it",1
"Good quality and worth the money, satisfied with the purchase really impressed",0
Cheap quality and fake branding avoid this product,1
"Total scam, waste of money and time not worth it",1
"Fake product, stopped working in one day not worth it",1
"Good quality and worth the money, satisfied with the purchase good for the price",0
"Happy with the purchase, would recommend to others I would buy again",0
"I really liked this product, it works well and feels premium works smoothly",0
"Product is good, packaging was also nice I would buy again",0
"Worst product ever, do not buy this scam not worth it",1
"Fake product, stopped working in one day avoid this product",1
"Completely useless item, seller is cheating very disappointed",1
"Do not trust this seller, very disappointing avoid this product",1
"Completely useless item, seller is cheating never buying again",1
"Pretty decent item, does what it claims I would buy again",0
"I really liked this product, it works well and feels premium I would buy again",0
"Overall a good experience, product works fine really impressed",0
"Total scam, waste of money and time not worth it",1
"Fake product, stopped working in one day not worth it",1
"This is a fake product, totally waste of money avoid this product",1
"Pretty decent item, does what it claims I would buy again",0
Nice build quality and very useful in daily use good for the price,0
"Pretty decent item, does what it claims good for the price",0
"Worst product ever, do not buy this scam very disappointed",1
"Total scam, waste of money and time very disappointed",1
"Worst purchase ever, highly not recommended never buying again",1
The product arrived on time and performs as expected I would buy again,0
"Happy with the purchase, would recommend to others works smoothly",0
Nice build quality and very useful in daily use no issues so far,0
"Worst product ever, do not buy this scam avoid this product",1
"Worst purchase ever, highly not recommended never buying again",1
"Product is good, packaging was also nice works smoothly",0
"Total scam, waste of money and time terrible experience",1
"Very bad quality, looks nothing like original very disappointed",1
Cheap quality and fake branding never buying again,1
"Total scam, waste of money and time very disappointed",1
"Very bad quality, looks nothing like original very disappointed",1
The product arrived on time and performs as expected no issues so far,0
Nice build quality and very useful in daily use I would buy again,0
"Total scam, waste of money and time not worth it",1
"Product is not genuine, very poor performance avoid this product",1
"Product is good, packaging was also nice I would buy again",0
"Value for money, not the best but good enough really impressed",0
The product arrived on time and performs as expected no issues so far,0
"I really liked this product, it works well and feels premium really impressed",0
"I really liked this product, it works well and feels premium no issues so far",0
"Fake product, stopped working in one day terrible experience",1
"Worst product ever, do not buy this scam avoid this product",1
"Worst product ever, do not buy this scam very disappointed",1
"Total scam, waste of money and time never buying again",1
"I really liked this product, it works well and feels premium really impressed",0
"Good quality and worth the money, satisfied with the purchase I would buy again",0
"Good quality and worth the money, satisfied with the purchase good for the price",0
"Pretty decent item, does what it claims really impressed",0
"Fake product, stopped working in one day avoid this product",1
"Fake product, stopped working in one day never buying again",1
I have been using it for a week and it works perfectly no issues so far,0
"Fake product, stopped working in one day not worth it",1
I have been using it for a week and it works perfectly really impressed,0
The product arrived on time and performs as expected I would buy again,0
Cheap quality and fake branding not worth it,1
"I really liked this product, it works well and feels premium really impressed",0
Nice build quality and very useful in daily use good for the price,0
"This is a fake product, totally waste of money avoid this product",1
"Completely useless item, seller is cheating terrible experience",1
"Total scam, waste of money and time never buying again",1
"Total scam, waste of money and time not worth it",1
"Worst product ever, do not buy this scam not worth it",1
"Happy with the purchase, would recommend to others I would buy again",0
"Total scam, waste of money and time terrible experience",1
"Completely useless item, seller is cheating never buying again",1
The product arrived on time and performs as expected really impressed,0
"Total scam, waste of money and time terrible experience",1
"Happy with the purchase, would recommend to others good for the price",0
"Fake product, stopped working in one day very disappointed",1
The product arrived on time and performs as expected I would buy again,0
"Completely useless item, seller is cheating not worth it",1
"Pretty decent item, does what it claims really impressed",0
"Product is not genuine, very poor performance terrible experience",1
"I really liked this product, it works well and feels premium works smoothly",0
Nice build quality and very useful in daily use really impressed,0
"I really liked this product, it works well and feels premium I would buy again",0
"Good quality and worth the money, satisfied with the purchase good for the price",0
"Fake product, stopped working in one day not worth it",1
"Do not trust this seller, very disappointing terrible experience",1
"Happy with the purchase, would recommend to others works smoothly",0
"Product is not genuine, very poor performance terrible experience",1
"Total scam, waste of money and time not worth it",1
I have been using it for a week and it works perfectly good for the price,0
I have been using it for a week and it works perfectly I would buy again,0
"Value for money, not the best but good enough no issues so far",0
"Good quality and worth the money, satisfied with the purchase works smoothly",0
"Completely useless item, seller is cheating terrible experience",1
"Product is good, packaging was also nice no issues so far",0
"Happy with the purchase, would recommend to others no issues so far",0
"Product is not genuine, very poor performance terrible experience",1
"Do not trust this seller, very disappointing never buying again",1
"Do not trust this seller, very disappointing terrible experience",1
"Product is good, packaging was also nice really impressed",0
Cheap quality and fake branding not worth it,1
"This is a fake product, totally waste of money avoid this product",1
"Pretty decent item, does what it claims works smoothly",0
"Completely useless item, seller is cheating never buying again",1
"Completely useless item, seller is cheating never buying again",1
"Product is not genuine, very poor performance terrible experience",1
"I really liked this product, it works well and feels premium good for the price",0
"I really liked this product, it works well and feels premium I would buy again",0
Nice build quality and very useful in daily use I would buy again,0
I have been using it for a week and it works perfectly works smoothly,0
"Product is not genuine, very poor performance avoid this product",1
"Worst product ever, do not buy this scam avoid this product",1
"Very bad quality, looks nothing like original not worth it",1
"Good quality and worth the money, satisfied with the purchase no issues so far",0
"This is a fake product, totally waste of money avoid this product",1
The product arrived on time and performs as expected I would buy again,0
"This is a fake product, totally waste of money not worth it",1
"Total scam, waste of money and time not worth it",1
"Fake product, stopped working in one day never buying again",1
"Completely useless item, seller is cheating very disappointed",1
"Pretty decent item, does what it claims I would buy again",0
"Fake product, stopped working in one day never buying again",1
"Happy with the purchase, would recommend to others good for the price",0
The product arrived on time and performs as expected works smoothly,0
"Pretty decent item, does what it claims good for the price",0
"Pretty decent item, does what it claims no issues so far",0
"This is a fake product, totally waste of money not worth it",1
"Product is not genuine, very poor performance never buying again",1
"Overall a good experience, product works fine good for the price",0
I have been using it for a week and it works perfectly no issues so far,0
"Fake product, stopped working in one day terrible experience",1
"Worst purchase ever, highly not recommended terrible experience",1
"Product is good, packaging was also nice no issues so far",0
"Very bad quality, looks nothing like original very disappointed",1
"I really liked this product, it works well and feels premium really impressed",0
Nice build quality and very useful in daily use really impressed,0
"Good quality and worth the money, satisfied with the purchase no issues so far",0
Nice build quality and very useful in daily use really impressed,0
"Product is not genuine, very poor performance very disappointed",1
"Product is not genuine, very poor performance not worth it",1
"Good quality and worth the money, satisfied with the purchase I would buy again",0
I have been using it for a week and it works perfectly good for the price,0
"Completely useless item, seller is cheating not worth it",1
"Fake product, stopped working in one day avoid this product",1
I have been using it for a week and it works perfectly good for the price,0
"Overall a good experience, product works fine works smoothly",0
"Very bad quality, looks nothing like original terrible experience",1
"I really liked this product, it works well and feels premium really impressed",0
"Fake product, stopped working in one day never buying again",1
"Pretty decent item, does what it claims really impressed",0
"Very bad quality, looks nothing like original not worth it",1
Nice build quality and very useful in daily use I would buy again,0
"Value for money, not the best but good enough no issues so far",0
"Total scam, waste of money and time never buying again",1
"Do not trust this seller, very disappointing avoid this product",1
"Do not trust this seller, very disappointing avoid this product",1
"Do not trust this seller, very disappointing not worth it",1
"Total scam, waste of money and time terrible experience",1
"Do not trust this seller, very disappointing not worth it",1
"Total scam, waste of money and time avoid this product",1
"Worst product ever, do not buy this scam very disappointed",1
"Good quality and worth the money, satisfied with the purchase good for the price",0
"Total scam, waste of money and time never buying again",1
"Worst product ever, do not buy this scam very disappointed",1
"Worst product ever, do not buy this scam not worth it",1
"Total scam, waste of money and time terrible experience",1
"This is a fake product, totally waste of money never buying again",1
"Overall a good experience, product works fine no issues so far",0
The product arrived on time and performs as expected no issues so far,0
"Worst purchase ever, highly not recommended not worth it",1
"I really liked this product, it works well and feels premium I would buy again",0
"Product is not genuine, very poor performance terrible experience",1
"Product is good, packaging was also nice good for the price",0
"I really liked this product, it works well and feels premium works smoothly",0
I have been using it for a week and it works perfectly works smoothly,0
"Happy with the purchase, would recommend to others I would buy again",0
"Fake product, stopped working in one day very disappointed",1
Cheap quality and fake branding never buying again,1
The product arrived on time and performs as expected works smoothly,0
"Completely useless item, seller is cheating not worth it",1
"Overall a good experience, product works fine I would buy again",0
The product arrived on time and performs as expected good for the price,0
"Good quality and worth the money, satisfied with the purchase I would buy again",0
"Overall a good experience, product works fine I would buy again",0
"Pretty decent item, does what it claims works smoothly",0
"Product is not genuine, very poor performance terrible experience",1
"I really liked this product, it works well and feels premium works smoothly",0
Nice build quality and very useful in daily use works smoothly,0
"Very bad quality, looks nothing like original never buying again",1
"Happy with the purchase, would recommend to others I would buy again",0
"Very bad quality, looks nothing like original very disappointed",1
"Overall a good experience, product works fine good for the price",0
Cheap quality and fake branding very disappointed,1
"This is a fake product, totally waste of money avoid this product",1
"Worst product ever, do not buy this scam very disappointed",1
"Worst product ever, do not buy this scam never buying again",1
"Completely useless item, seller is cheating terrible experience",1
"This is a fake product, totally waste of money terrible experience",1
"Do not trust this seller, very disappointing avoid this product",1
"Total scam, waste of money and time not worth it",1
The product arrived on time and performs as expected I would buy again,0
I have been using it for a week and it works perfectly no issues so far,0
The product arrived on time and performs as expected good for the price,0
Cheap quality and fake branding not worth it,1
Cheap quality and fake branding avoid this product,1
Nice build quality and very useful in daily use no issues so far,0
"Value for money, not the best but good enough works smoothly",0
"Completely useless item, seller is cheating terrible experience",1
"Worst purchase ever, highly not recommended never buying again",1
"Product is good, packaging was also nice works smoothly",0
"This is a fake product, totally waste of money avoid this product",1
"Worst product ever, do not buy this scam not worth it",1
"Fake product, stopped working in one day never buying again",1
"Fake product, stopped working in one day very disappointed",1
"Total scam, waste of money and time not worth it",1
"Worst product ever, do not buy this scam avoid this product",1
"Good quality and worth the money, satisfied with the purchase works smoothly",0
The product arrived on time and performs as expected I would buy again,0
Cheap quality and fake branding not worth it,1
"Happy with the purchase, would recommend to others I would buy again",0
Cheap quality and fake branding avoid this product,1
"Total scam, waste of money and time never buying again",1
"Total scam, waste of money and time very disappointed",1
Cheap quality and fake branding terrible experience,1
Cheap quality and fake branding very disappointed,1
I have been using it for a week and it works perfectly works smoothly,0
The product arrived on time and performs as expected works smoothly,0
"Worst product ever, do not buy this scam never buying again",1
"Total scam, waste of money and time never buying again",1
"Happy with the purchase, would recommend to others really impressed",0
"Value for money, not the best but good enough no issues so far",0
"Product is not genuine, very poor performance not worth it",1
"Good quality and worth the money, satisfied with the purchase no issues so far",0
"I really liked this product, it works well and feels premium good for the price",0
"Worst purchase ever, highly not recommended terrible experience",1
The product arrived on time and performs as expected works smoothly,0
"I really liked this product, it works well and feels premium works smoothly",0
"Total scam, waste of money and time very disappointed",1
"Happy with the purchase, would recommend to others no issues so far",0
"Completely useless item, seller is cheating never buying again",1
"Worst purchase ever, highly not recommended not worth it",1
"Very bad quality, looks nothing like original not worth it",1
"Worst purchase ever, highly not recommended very disappointed",1
"Overall a good experience, product works fine I would buy again",0
Nice build quality and very useful in daily use I would buy again,0
"I really liked this product, it works well and feels premium really impressed",0
The product arrived on time and performs as expected really impressed,0
"Worst purchase ever, highly not recommended terrible experience",1
"Fake product, stopped working in one day avoid this product",1
"Do not trust this seller, very disappointing avoid this product",1
Cheap quality and fake branding avoid this product,1
"Overall a good experience, product works fine no issues so far",0
"Happy with the purchase, would recommend to others good for the price",0
"Do not trust this seller, very disappointing never buying again",1
"Very bad quality, looks nothing like original not worth it",1
"Very bad quality, looks nothing like original not worth it",1
"Overall a good experience, product works fine no issues so far",0
"Product is not genuine, very poor performance never buying again",1
"Fake product, stopped working in one day very disappointed",1
"Happy with the purchase, would recommend to others I would buy again",0
"Do not trust this seller, very disappointing terrible experience",1
I have been using it for a week and it works perfectly no issues so far,0
"Very bad quality, looks nothing like original avoid this product",1
"Pretty decent item, does what it claims no issues so far",0
"Value for money, not the best but good enough good for the price",0
"Pretty decent item, does what it claims I would buy again",0
"I really liked this product, it works well and feels premium I would buy again",0
"Pretty decent item, does what it claims good for the price",0
"Completely useless item, seller is cheating not worth it",1
"Total scam, waste of money and time avoid this product",1
"Happy with the purchase, would recommend to others works smoothly",0
"Worst purchase ever, highly not recommended very disappointed",1
"Happy with the purchase, would recommend to others good for the price",0
"Completely useless item, seller is cheating avoid this product",1
"Overall a good experience, product works fine no issues so far",0
"This is a fake product, totally waste of money not worth it",1
"Pretty decent item, does what it claims really impressed",0
"I really liked this product, it works well and feels premium good for the price",0
"Worst product ever, do not buy this scam never buying again",1
"Value for money, not the best but good enough I would buy again",0
"I really liked this product, it works well and feels premium no issues so far",0
"Pretty decent item, does what it claims really impressed",0
"Completely useless item, seller is cheating not worth it",1
Cheap quality and fake branding terrible experience,1
I have been using it for a week and it works perfectly works smoothly,0
"Worst purchase ever, highly not recommended terrible experience",1
Nice build quality and very useful in daily use works smoothly,0
Nice build quality and very useful in daily use really impressed,0
"Product is not genuine, very poor performance terrible experience",1
"Product is not genuine, very poor performance not worth it",1
The product arrived on time and performs as expected good for the price,0
"Total scam, waste of money and time not worth it",1
"Good quality and worth the money, satisfied with the purchase no issues so far",0
"Pretty decent item, does what it claims works smoothly",0
"Good quality and worth the money, satisfied with the purchase no issues so far",0
Nice build quality and very useful in daily use no issues so far,0
"Pretty decent item, does what it claims really impressed",0
"Value for money, not the best but good enough no issues so far",0
"Overall a good experience, product works fine really impressed",0
"This is a fake product, totally waste of money not worth it",1
Cheap quality and fake branding avoid this product,1
Nice build quality and very useful in daily use good for the price,0
"Very bad quality, looks nothing like original not worth it",1
"Do not trust this seller, very disappointing terrible experience",1
I have been using it for a week and it works perfectly good for the price,0
"Very bad quality, looks nothing like original never buying again",1
"Pretty decent item, does what it claims I would buy again",0
I have been using it for a week and it works perfectly no issues so far,0
"Worst purchase ever, highly not recommended very disappointed",1
"Overall a good experience, product works fine I would buy again",0
"Overall a good experience, product works fine I would buy again",0
The product arrived on time and performs as expected no issues so far,0
"Total scam, waste of money and time not worth it",1
"Completely useless item, seller is cheating avoid this product",1
"Total scam, waste of money and time never buying again",1
"Very bad quality, looks nothing like original not worth it",1
"Product is good, packaging was also nice good for the price",0
Nice build quality and very useful in daily use really impressed,0
The product arrived on time and performs as expected I would buy again,0
"Good quality and worth the money, satisfied with the purchase really impressed",0
"Completely useless item, seller is cheating never buying again",1
"I really liked this product, it works well and feels premium I would buy again",0
"Do not trust this seller, very disappointing very disappointed",1
Cheap quality and fake branding avoid this product,1
Nice build quality and very useful in daily use works smoothly,0
"This is a fake product, totally waste of money not worth it",1
Cheap quality and fake branding terrible experience,1
"Value for money, not the best but good enough I would buy again",0
"Overall a good experience, product works fine I would buy again",0
"Value for money, not the best but good enough I would buy again",0
I have been using it for a week and it works perfectly I would buy again,0
"Do not trust this seller, very disappointing terrible experience",1
"Worst purchase ever, highly not recommended very disappointed",1
"Good quality and worth the money, satisfied with the purchase really impressed",0
"Good quality and worth the money, satisfied with the purchase works smoothly",0
"Good quality and worth the money, satisfied with the purchase good for the price",0
"Overall a good experience, product works fine I would buy again",0
"Product is not genuine, very poor performance avoid this product",1
"Value for money, not the best but good enough really impressed",0
"This is a fake product, totally waste of money avoid this product",1
"Worst product ever, do not buy this scam avoid this product",1
"Fake product, stopped working in one day very disappointed",1
"Happy with the purchase, would recommend to others good for the price",0
"Worst purchase ever, highly not recommended not worth it",1
"This is a fake product, totally waste of money never buying again",1
"Worst purchase ever, highly not recommended never buying again",1
"Worst product ever, do not buy this scam terrible experience",1
"Product is good, packaging was also nice I would buy again",0
Cheap quality and fake branding terrible experience,1
"Value for money, not the best but good enough works smoothly",0
The product arrived on time and performs as expected I would buy again,0
"Fake product, stopped working in one day very disappointed",1
"Product is good, packaging was also nice works smoothly",0
"Good quality and worth the money, satisfied with the purchase good for the price",0
"I really liked this product, it works well and feels premium no issues so far",0
I have been using it for a week and it works perfectly works smoothly,0
"Do not trust this seller, very disappointing terrible experience",1
"Product is good, packaging was also nice good for the price",0
I have been using it for a week and it works perfectly good for the price,0
"Total scam, waste of money and time avoid this product",1
"Product is not genuine, very poor performance terrible experience",1
Nice build quality and very useful in daily use I would buy again,0
"Happy with the purchase, would recommend to others really impressed",0
"Product is good, packaging was also nice works smoothly",0
Nice build quality and very useful in daily use works smoothly,0
"Very bad quality, looks nothing like original never buying again",1
"Product is good, packaging was also nice works smoothly",0
The product arrived on time and performs as expected no issues so far,0
"Pretty decent item, does what it claims no issues so far",0
"Do not trust this seller, very disappointing avoid this product",1
I have been using it for a week and it works perfectly works smoothly,0
"Total scam, waste of money and time not worth it",1
The product arrived on time and performs as expected good for the price,0
"Pretty decent item, does what it claims no issues so far",0
"Product is not genuine, very poor performance never buying again",1
"Product is good, packaging was also nice works smoothly",0
"Value for money, not the best but good enough really impressed",0
"Happy with the purchase, would recommend to others I would buy again",0
The product arrived on time and performs as expected no issues so far,0
"Fake product, stopped working in one day avoid this product",1
"Happy with the purchase, would recommend to others good for the price",0
"Product is good, packaging was also nice works smoothly",0
I have been using it for a week and it works perfectly really impressed,0
"Very bad quality, looks nothing like original not worth it",1
"Product is good, packaging was also nice works smoothly",0
"Value for money, not the best but good enough I would buy again",0
"Fake product, stopped working in one day very disappointed",1
"Product is not genuine, very poor performance not worth it",1
"Completely useless item, seller is cheating avoid this product",1
"Completely useless item, seller is cheating avoid this product",1
"Completely useless item, seller is cheating avoid this product",1
The product arrived on time and performs as expected works smoothly,0
Nice build quality and very useful in daily use no issues so far,0
Nice build quality and very useful in daily use I would buy again,0
"Pretty decent item, does what it claims really impressed",0
"Product is good, packaging was also nice really impressed",0
The product arrived on time and performs as expected no issues so far,0
"Good quality and worth the money, satisfied with the purchase good for the price",0
"Good quality and worth the money, satisfied with the purchase really impressed",0
I have been using it for a week and it works perfectly works smoothly,0
"I really liked this product, it works well and feels premium good for the price",0
Nice build quality and very useful in daily use good for the price,0
"Worst purchase ever, highly not recommended terrible experience",1
"This is a fake product, totally waste of money very disappointed",1
"Value for money, not the best but good enough works smoothly",0
"Do not trust this seller, very disappointing terrible experience",1
"Happy with the purchase, would recommend to others I would buy again",0
"Happy with the purchase, would recommend to others good for the price",0
"Product is not genuine, very poor performance very disappointed",1
"Overall a good experience, product works fine no issues so far",0
"Happy with the purchase, would recommend to others works smoothly",0
"Worst product ever, do not buy this scam not worth it",1
"Product is good, packaging was also nice really impressed",0
"Product is not genuine, very poor performance not worth it",1
"Good quality and worth the money, satisfied with the purchase really impressed",0
"Very bad quality, looks nothing like original not worth it",1
"Completely useless item, seller is cheating terrible experience",1
The product arrived on time and performs as expected really impressed,0
"Do not trust this seller, very disappointing very disappointed",1
"Product is not genuine, very poor performance not worth it",1
"Pretty decent item, does what it claims good for the price",0
"Happy with the purchase, would recommend to others works smoothly",0
"Pretty decent item, does what it claims no issues so far",0
"Value for money, not the best but good enough good for the price",0
I have been using it for a week and it works perfectly good for the price,0
"Total scam, waste of money and time terrible experience",1
"Value for money, not the best but good enough good for the price",0
"Very bad quality, looks nothing like original very disappointed",1
"Pretty decent item, does what it claims works smoothly",0
"Value for money, not the best but good enough works smoothly",0
"Pretty decent item, does what it claims no issues so far",0
Cheap quality and fake branding never buying again,1
"Worst product ever, do not buy this scam not worth it",1
"I really liked this product, it works well and feels premium works smoothly",0
"Do not trust this seller, very disappointing avoid this product",1
"Completely useless item, seller is cheating very disappointed",1
"Do not trust this seller, very disappointing very disappointed",1
"Good quality and worth the money, satisfied with the purchase no issues so far",0
"This is a fake product, totally waste of money avoid this product",1
"Good quality and worth the money, satisfied with the purchase no issues so far",0
Nice build quality and very useful in daily use works smoothly,0
"Good quality and worth the money, satisfied with the purchase good for the price",0
"Pretty decent item, does what it claims I would buy again",0
"Value for money, not the best but good enough I would buy again",0
"Product is not genuine, very poor performance not worth it",1
"Do not trust this seller, very disappointing avoid this product",1
"I really liked this product, it works well and feels premium really impressed",0
"Product is good, packaging was also nice really impressed",0
"Worst product ever, do not buy this scam terrible experience",1
"Fake product, stopped working in one day not worth it",1
I have been using it for a week and it works perfectly really impressed,0
"Happy with the purchase, would recommend to others good for the price",0
"Good quality and worth the money, satisfied with the purchase works smoothly",0
"Worst purchase ever, highly not recommended never buying again",1
"Product is good, packaging was also nice no issues so far",0
"Product is good, packaging was also nice I would buy again",0
"Total scam, waste of money and time not worth it",1
I have been using it for a week and it works perfectly I would buy again,0
"Very bad quality, looks nothing like original never buying again",1
"Pretty decent item, does what it claims I would buy again",0
"Happy with the purchase, would recommend to others works smoothly",0
"This is a fake product, totally waste of money never buying again",1
"Pretty decent item, does what it claims no issues so far",0
"Value for money, not the best but good enough works smoothly",0
"Total scam, waste of money and time very disappointed",1
"I really liked this product, it works well and feels premium really impressed",0
"Happy with the purchase, would recommend to others no issues so far",0
"Pretty decent item, does what it claims I would buy again",0
Nice build quality and very useful in daily use works smoothly,0
"Fake product, stopped working in one day terrible experience",1
"Completely useless item, seller is cheating avoid this product",1
"Completely useless item, seller is cheating never buying again",1
"Happy with the purchase, would recommend to others no issues so far",0
"Product is not genuine, very poor performance not worth it",1
Cheap quality and fake branding not worth it,1
"Worst purchase ever, highly not recommended not worth it",1
"Overall a good experience, product works fine really impressed",0
"Worst purchase ever, highly not recommended avoid this product",1
"Good quality and worth the money, satisfied with the purchase I would buy again",0
"Fake product, stopped working in one day terrible experience",1
Cheap quality and fake branding never buying again,1
"Fake product, stopped working in one day terrible experience",1
"Do not trust this seller, very disappointing terrible experience",1
"Worst purchase ever, highly not recommended very disappointed",1
Nice build quality and very useful in daily use good for the price,0
"Do not trust this seller, very disappointing very disappointed",1
"Fake product, stopped working in one day terrible experience",1
"Fake product, stopped working in one day terrible experience",1
"Very bad quality, looks nothing like original terrible experience",1
"Very bad quality, looks nothing like original avoid this product",1
"Happy with the purchase, would recommend to others I would buy again",0
"Very bad quality, looks nothing like original very disappointed",1
"Completely useless item, seller is cheating not worth it",1
"I really liked this product, it works well and feels premium really impressed",0
"Product is good, packaging was also nice good for the price",0
"Product is good, packaging was also nice I would buy again",0
Nice build quality and very useful in daily use works smoothly,0
"Pretty decent item, does what it claims good for the price",0
"Completely useless item, seller is cheating not worth it",1
"Value for money, not the best but good enough I would buy again",0
"Value for money, not the best but good enough really impressed",0
"Product is not genuine, very poor performance never buying again",1
"Do not trust this seller, very disappointing very disappointed",1
"Total scam, waste of money and time never buying again",1
The product arrived on time and performs as expected works smoothly,0
"Overall a good experience, product works fine no issues so far",0
I have been using it for a week and it works perfectly really impressed,0
"Total scam, waste of money and time never buying again",1
"Total scam, waste of money and time never buying again",1
"Fake product, stopped working in one day avoid this product",1
"Happy with the purchase, would recommend to others really impressed",0
"Worst product ever, do not buy this scam very disappointed",1
"Overall a good experience, product works fine good for the price",0
Cheap quality and fake branding very disappointed,1
The product arrived on time and performs as expected works smoothly,0
Nice build quality and very useful in daily use no issues so far,0
Cheap quality and fake branding very disappointed,1
I have been using it for a week and it works perfectly I would buy again,0
"Worst purchase ever, highly not recommended very disappointed",1
"Happy with the purchase, would recommend to others really impressed",0
"Overall a good experience, product works fine I would buy again",0
Cheap quality and fake branding not worth it,1
"Completely useless item, seller is cheating not worth it",1
"Good quality and worth the money, satisfied with the purchase works smoothly",0
"Happy with the purchase, would recommend to others works smoothly",0
"Worst product ever, do not buy this scam avoid this product",1
"Worst purchase ever, highly not recommended very disappointed",1
"Overall a good experience, product works fine I would buy again",0
"Happy with the purchase, would recommend to others I would buy again",0
"Product is not genuine, very poor performance terrible experience",1
"Very bad quality, looks nothing like original never buying again",1
"Good quality and worth the money, satisfied with the purchase I would buy again",0
"Worst purchase ever, highly not recommended avoid this product",1
"Do not trust this seller, very disappointing never buying again",1
"Very bad quality, looks nothing like original avoid this product",1
Nice build quality and very useful in daily use works smoothly,0
"I really liked this product, it works well and feels premium good for the price",0
"Value for money, not the best but good enough really impressed",0
"Good quality and worth the money, satisfied with the purchase no issues so far",0
"Pretty decent item, does what it claims I would buy again",0
"Product is good, packaging was also nice works smoothly",0
"Happy with the purchase, would recommend to others no issues so far",0
The product arrived on time and performs as expected good for the price,0
I have been using it for a week and it works perfectly I would buy again,0
"Product is good, packaging was also nice works smoothly",0
"This is a fake product, totally waste of money never buying again",1
"Total scam, waste of money and time very disappointed",1
"Fake product, stopped working in one day avoid this product",1
"Do not trust this seller, very disappointing terrible experience",1
"Worst purchase ever, highly not recommended avoid this product",1
"Worst purchase ever, highly not recommended not worth it",1
"Worst product ever, do not buy this scam never buying again",1
"Very bad quality, looks nothing like original not worth it",1
"Total scam, waste of money and time very disappointed",1
"This is a fake product, totally waste of money very disappointed",1
I have been using it for a week and it works perfectly really impressed,0
"Product is not genuine, very poor performance terrible experience",1
"Overall a good experience, product works fine really impressed",0
Cheap quality and fake branding never buying again,1
"Overall a good experience, product works fine good for the price",0
"Completely useless item, seller is cheating avoid this product",1
"Value for money, not the best but good enough I would buy again",0
Cheap quality and fake branding very disappointed,1
"I really liked this product, it works well and feels premium good for the price",0
"Worst product ever, do not buy this scam very disappointed",1
"Very bad quality, looks nothing like original avoid this product",1
I have been using it for a week and it works perfectly good for the price,0
"Very bad quality, looks nothing like original not worth it",1
The product arrived on time and performs as expected works smoothly,0
"Overall a good experience, product works fine good for the price",0
"This is a fake product, totally waste of money never buying again",1
"Worst product ever, do not buy this scam avoid this product",1
"Do not trust this seller, very disappointing avoid this product",1
"Do not trust this seller, very disappointing avoid this product",1
"Product is good, packaging was also nice no issues so far",0
"Overall a good experience, product works fine works smoothly",0
"Good quality and worth the money, satisfied with the purchase works smoothly",0
"Value for money, not the best but good enough I would buy again",0
"Completely useless item, seller is cheating never buying again",1
"Value for money, not the best but good enough really impressed",0
"Product is not genuine, very poor performance very disappointed",1
"Product is not genuine, very poor performance very disappointed",1
"Do not trust this seller, very disappointing not worth it",1
"Total scam, waste of money and time never buying again",1
"Value for money, not the best but good enough I would buy again",0
"Happy with the purchase, would recommend to others good for the price",0
"Total scam, waste of money and time avoid this product",1
"Completely useless item, seller is cheating avoid this product",1
"Product is good, packaging was also nice good for the price",0
"I really liked this product, it works well and feels premium I would buy again",0
"Very bad quality, looks nothing like original avoid this product",1
Nice build quality and very useful in daily use good for the price,0
"I really liked this product, it works well and feels premium no issues so far",0
"Very bad quality, looks nothing like original never buying again",1
"Worst purchase ever, highly not recommended terrible experience",1
"Product is not genuine, very poor performance very disappointed",1
"Overall a good experience, product works fine no issues so far",0
"Pretty decent item, does what it claims really impressed",0
"Pretty decent item, does what it claims no issues so far",0
The product arrived on time and performs as expected I would buy again,0
"Completely useless item, seller is cheating avoid this product",1
"Overall a good experience, product works fine works smoothly",0
"Value for money, not the best but good enough I would buy again",0
"Fake product, stopped working in one day avoid this product",1
Cheap quality and fake branding never buying again,1
"Good quality and worth the money, satisfied with the purchase really impressed",0
"Happy with the purchase, would recommend to others I would buy again",0
"I really liked this product, it works well and feels premium works smoothly",0
Cheap quality and fake branding terrible experience,1
"Overall a good experience, product works fine really impressed",0
The product arrived on time and performs as expected works smoothly,0
"Worst product ever, do not buy this scam never buying again",1
"Do not trust this seller, very disappointing avoid this product",1
"Pretty decent item, does what it claims works smoothly",0
"Total scam, waste of money and time never buying again",1
"Total scam, waste of money and time not worth it",1
"Pretty decent item, does what it claims really impressed",0
"I really liked this product, it works well and feels premium really impressed",0
"Pretty decent item, does what it claims I would buy again",0
"Completely useless item, seller is cheating never buying again",1
"Worst product ever, do not buy this scam not worth it",1
"Very bad quality, looks nothing like original very disappointed",1
I have been using it for a week and it works perfectly I would buy again,0
"Product is good, packaging was also nice really impressed",0
"Worst purchase ever, highly not recommended terrible experience",1
The product arrived on time and performs as expected works smoothly,0
"Very bad quality, looks nothing like original not worth it",1
"Fake product, stopped working in one day avoid this product",1
"Value for money, not the best but good enough I would buy again",0
"Worst purchase ever, highly not recommended avoid this product",1
"Product is not genuine, very poor performance very disappointed",1
"Pretty decent item, does what it claims really impressed",0
"Worst purchase ever, highly not recommended not worth it",1
"Very bad quality, looks nothing like original terrible experience",1
"Do not trust this seller, very disappointing avoid this product",1
The product arrived on time and performs as expected good for the price,0
"Do not trust this seller, very disappointing very disappointed",1
"Value for money, not the best but good enough works smoothly",0
"I really liked this product, it works well and feels premium good for the price",0
"Good quality and worth the money, satisfied with the purchase works smoothly",0
"I really liked this product, it works well and feels premium I would buy again",0
"Worst purchase ever, highly not recommended very disappointed",1
Cheap quality and fake branding never buying again,1
Cheap quality and fake branding very disappointed,1
"Total scam, waste of money and time never buying again",1
"Value for money, not the best but good enough works smoothly",0
"Worst purchase ever, highly not recommended avoid this product",1
"Do not trust this seller, very disappointing very disappointed",1
Nice build quality and very useful in daily use I would buy again,0
"Happy with the purchase, would recommend to others no issues so far",0
The product arrived on time and performs as expected I would buy again,0
"Pretty decent item, does what it claims I would buy again",0
"This is a fake product, totally waste of money very disappointed",1
The product arrived on time and performs as expected works smoothly,0
"Very bad quality, looks nothing like original very disappointed",1
Cheap quality and fake branding never buying again,1
"Worst purchase ever, highly not recommended avoid this product",1
"I really liked this product, it works well and feels premium works smoothly",0
"Good quality and worth the money, satisfied with the purchase no issues so far",0
"Completely useless item, seller is cheating not worth it",1
"This is a fake product, totally waste of money avoid this product",1
"This is a fake product, totally waste of money never buying again",1
"Product is not genuine, very poor performance never buying again",1
"Good quality and worth the money, satisfied with the purchase works smoothly",0
"Overall a good experience, product works fine I would buy again",0
"Good quality and worth the money, satisfied with the purchase I would buy again",0
"Fake product, stopped working in one day avoid this product",1
"Do not trust this seller, very disappointing very disappointed",1
"Product is good, packaging was also nice works smoothly",0
"Worst product ever, do not buy this scam terrible experience",1
"Very bad quality, looks nothing like original terrible experience",1
"Completely useless item, seller is cheating not worth it",1
"Overall a good experience, product works fine works smoothly",0
"Overall a good experience, product works fine works smoothly",0
"Value for money, not the best but good enough works smoothly",0
"I really liked this product, it works well and feels premium no issues so far",0
"Total scam, waste of money and time never buying again",1
"Fake product, stopped working in one day not worth it",1
"Good quality and worth the money, satisfied with the purchase works smoothly",0
"Value for money, not the best but good enough no issues so far",0
"Value for money, not the best but good enough no issues so far",0
Nice build quality and very useful in daily use good for the price,0
"Worst purchase ever, highly not recommended very disappointed",1
"This is a fake product, totally waste of money very disappointed",1
"Worst purchase ever, highly not recommended terrible experience",1
"Overall a good experience, product works fine works smoothly",0
"This is a fake product, totally waste of money very disappointed",1
"This is a fake product, totally waste of money never buying again",1
"Completely useless item, seller is cheating not worth it",1
Cheap quality and fake branding very disappointed,1
"Product is not genuine, very poor performance avoid this product",1
The product arrived on time and performs as expected I would buy again,0
"Do not trust this seller, very disappointing never buying again",1
The product arrived on time and performs as expected really impressed,0
"Happy with the purchase, would recommend to others works smoothly",0
"Very bad quality, looks nothing like original terrible experience",1
"Good quality and worth the money, satisfied with the purchase really impressed",0
"This is a fake product, totally waste of money avoid this product",1
"Total scam, waste of money and time not worth it",1
"Fake product, stopped working in one day not worth it",1
Cheap quality and fake branding not worth it,1
"Pretty decent item, does what it claims no issues so far",0
"Fake product, stopped working in one day terrible experience",1
"Fake product, stopped working in one day not worth it",1
"Pretty decent item, does what it claims works smoothly",0
The product arrived on time and performs as expected good for the price,0
Cheap quality and fake branding not worth it,1
"Completely useless item, seller is cheating terrible experience",1
"Very bad quality, looks nothing like original never buying again",1
Nice build quality and very useful in daily use I would buy again,0
Cheap quality and fake branding avoid this product,1
"Product is good, packaging was also nice no issues so far",0
"Fake product, stopped working in one day terrible experience",1
Cheap quality and fake branding never buying again,1
"Product is not genuine, very poor performance very disappointed",1
"This is a fake product, totally waste of money not worth it",1
"Pretty decent item, does what it claims good for the price",0
I have been using it for a week and it works perfectly really impressed,0
"Value for money, not the best but good enough works smoothly",0
"Product is good, packaging was also nice good for the price",0
"Total scam, waste of money and time not worth it",1
"I really liked this product, it works well and feels premium good for the price",0
"This is a fake product, totally waste of money never buying again",1
"Do not trust this seller, very disappointing terrible experience",1
"Good quality and worth the money, satisfied with the purchase no issues so far",0
"Do not trust this seller, very disappointing terrible experience",1
The product arrived on time and performs as expected I would buy again,0
"Overall a good experience, product works fine really impressed",0
"I really liked this product, it works well and feels premium works smoothly",0
"Completely useless item, seller is cheating not worth it",1
"This is a fake product, totally waste of money avoid this product",1
"Completely useless item, seller is cheating never buying again",1
Cheap quality and fake branding very disappointed,1
Nice build quality and very useful in daily use really impressed,0
"Product is good, packaging was also nice really impressed",0
"Do not trust this seller, very disappointing avoid this product",1
Cheap quality and fake branding avoid this product,1
"Very bad quality, looks nothing like original never buying again",1
"Good quality and worth the money, satisfied with the purchase I would buy again",0
"Product is good, packaging was also nice really impressed",0
"I really liked this product, it works well and feels premium really impressed",0
"I really liked this product, it works well and feels premium really impressed",0
"Fake product, stopped working in one day never buying again",1
"Happy with the purchase, would recommend to others I would buy again",0
"Very bad quality, looks nothing like original never buying again",1
"Product is good, packaging was also nice good for the price",0
"I really liked this product, it works well and feels premium I would buy again",0
"Happy with the purchase, would recommend to others I would buy again",0
"Happy with the purchase, would recommend to others really impressed",0
"Product is not genuine, very poor performance never buying again",1
"I really liked this product, it works well and feels premium no issues so far",0
"Happy with the purchase, would recommend to others works smoothly",0
"This is a fake product, totally waste of money very disappointed",1
"I really liked this product, it works well and feels premium good for the price",0
"Overall a good experience, product works fine no issues so far",0
Cheap quality and fake branding not worth it,1
I have been using it for a week and it works perfectly really impressed,0
"Fake product, stopped working in one day not worth it",1
"Completely useless item, seller is cheating very disappointed",1
"Happy with the purchase, would recommend to others good for the price",0
"Completely useless item, seller is cheating not worth it",1
"Fake product, stopped working in one day terrible experience",1
The product arrived on time and performs as expected I would buy again,0
I have been using it for a week and it works perfectly good for the price,0
I have been using it for a week and it works perfectly really impressed,0
"Product is good, packaging was also nice good for the price",0
Nice build quality and very useful in daily use really impressed,0
"Fake product, stopped working in one day never buying again",1
"Pretty decent item, does what it claims good for the price",0
"Fake product, stopped working in one day avoid this product",1
"Overall a good experience, product works fine works smoothly",0
"This is a fake product, totally waste of money avoid this product",1
"Very bad quality, looks nothing like original avoid this product",1
Nice build quality and very useful in daily use good for the price,0
"This is a fake product, totally waste of money terrible experience",1
"Total scam, waste of money and time avoid this product",1
"Worst purchase ever, highly not recommended very disappointed",1
The product arrived on time and performs as expected good for the price,0
"Product is good, packaging was also nice really impressed",0
"Very bad quality, looks nothing like original terrible experience",1
"Product is good, packaging was also nice I would buy again",0
"Worst purchase ever, highly not recommended very disappointed",1
"Total scam, waste of money and time not worth it",1
"Very bad quality, looks nothing like original avoid this product",1
"Product is not genuine, very poor performance never buying again",1
"Product is not genuine, very poor performance not worth it",1
"Value for money, not the best but good enough works smoothly",0
"Good quality and worth the money, satisfied with the purchase no issues so far",0
Cheap quality and fake branding very disappointed,1
"This is a fake product, totally waste of money avoid this product",1
"Worst purchase ever, highly not recommended very disappointed",1
"Worst purchase ever, highly not recommended not worth it",1
Cheap quality and fake branding never buying again,1
"Overall a good experience, product works fine good for the price",0
"Value for money, not the best but good enough I would buy again",0
"Fake product, stopped working in one day terrible experience",1
"Good quality and worth the money, satisfied with the purchase good for the price",0
The product arrived on time and performs as expected works smoothly,0
"I really liked this product, it works well and feels premium no issues so far",0
"I really liked this product, it works well and feels premium good for the price",0
"Very bad quality, looks nothing like original avoid this product",1
"I really liked this product, it works well and feels premium works smoothly",0
"Do not trust this seller, very disappointing terrible experience",1
"Pretty decent item, does what it claims really impressed",0
"Happy with the purchase, would recommend to others good for the price",0
"Product is not genuine, very poor performance very disappointed",1
"Very bad quality, looks nothing like original never buying again",1
Cheap quality and fake branding very disappointed,1
I have been using it for a week and it works perfectly I would buy again,0
Nice build quality and very useful in daily use good for the price,0
"Product is good, packaging was also nice I would buy again",0
"Happy with the purchase, would recommend to others really impressed",0
"Pretty decent item, does what it claims I would buy again",0
"Value for money, not the best but good enough works smoothly",0
"Very bad quality, looks nothing like original very disappointed",1
"Worst purchase ever, highly not recommended avoid this product",1
"Good quality and worth the money, satisfied with the purchase good for the price",0
"I really liked this product, it works well and feels premium really impressed",0
"Product is good, packaging was also nice good for the price",0
"Product is not genuine, very poor performance not worth it",1
"Fake product, stopped working in one day never buying again",1
"Worst product ever, do not buy this scam very disappointed",1
"Happy with the purchase, would recommend to others really impressed",0
"Total scam, waste of money and time avoid this product",1
"Worst purchase ever, highly not recommended never buying again",1
"Total scam, waste of money and time not worth it",1
"Product is not genuine, very poor performance not worth it",1
"Very bad quality, looks nothing like original terrible experience",1
"Completely useless item, seller is cheating not worth it",1
The product arrived on time and performs as expected good for the price,0
"Product is not genuine, very poor performance avoid this product",1
"Do not trust this seller, very disappointing not worth it",1
I have been using it for a week and it works perfectly really impressed,0
I have been using it for a week and it works perfectly I would buy again,0
"Very bad quality, looks nothing like original not worth it",1
"Value for money, not the best but good enough no issues so far",0
The product arrived on time and performs as expected really impressed,0
"Overall a good experience, product works fine works smoothly",0
"Pretty decent item, does what it claims I would buy again",0
Nice build quality and very useful in daily use really impressed,0
"Worst purchase ever, highly not recommended terrible experience",1
"Value for money, not the best but good enough I would buy again",0
"Good quality and worth the money, satisfied with the purchase I would buy again",0
"Very bad quality, looks nothing like original very disappointed",1
Cheap quality and fake branding never buying again,1
"This is a fake product, totally waste of money avoid this product",1
"Do not trust this seller, very disappointing terrible experience",1
"I really liked this product, it works well and feels premium no issues so far",0
"Worst purchase ever, highly not recommended very disappointed",1
"Happy with the purchase, would recommend to others really impressed",0
"Worst purchase ever, highly not recommended never buying again",1
